{"_wandb": {"runtime": 879}, "multiple evident loss": 0.45923006534576416, "single evident loss": 0.7972838878631592, "f1 score": 0.5740000009536743, "_timestamp": 1702060927.3781004, "predictions confusion matrix": {"_type": "table-file", "sha256": "8c763f4be50321db505bf6c1466a384d49fa700a3ec030ebc63d3b4e93d05099", "size": 114, "artifact_path": "wandb-client-artifact://is8ywgcycp9ae8wbw7p2e3u9g91nbhawvt4oex7fu86plfgdi8haa05at3n9pfv4v0jj6thdhb0lvd574q6wyroeydf1100m2j528klk8igopix3hxaukqg8kzag7752:latest/predictions confusion matrix.table.json", "_latest_artifact_path": "wandb-client-artifact://is8ywgcycp9ae8wbw7p2e3u9g91nbhawvt4oex7fu86plfgdi8haa05at3n9pfv4v0jj6thdhb0lvd574q6wyroeydf1100m2j528klk8igopix3hxaukqg8kzag7752:latest/predictions confusion matrix.table.json", "path": "media/table/predictions confusion matrix_20_8c763f4be50321db505b.table.json", "ncols": 3, "nrows": 3}, "_runtime": 867.4134063720703, "_step": 20}